{
  "fallback-1745165951987.json": {
    "modified_time": 1745254706.9271338,
    "size": 1171
  },
  "51aba996-c40d-43c4-9797-ce359af73036.json": {
    "modified_time": 1745254706.9261336,
    "size": 4448
  },
  "fallback-1745165746424.json": {
    "modified_time": 1745254706.9271338,
    "size": 1602
  },
  "fallback-1745100508635.json": {
    "modified_time": 1745254706.9271338,
    "size": 2042
  },
  "fallback-1745175473345.json": {
    "modified_time": 1745254706.9281337,
    "size": 1218
  },
  "fallback-1745166164969.json": {
    "modified_time": 1745254706.9271338,
    "size": 690
  },
  "fallback-1745166069390.json": {
    "modified_time": 1745254706.9271338,
    "size": 2063
  },
  "da7b0795-2e50-4bef-ada8-911962e1345a.json": {
    "modified_time": 1745254706.9261336,
    "size": 802
  },
  "fallback-1745178067635.json": {
    "modified_time": 1745254706.9281337,
    "size": 688
  },
  "fallback-1745095020378.json": {
    "modified_time": 1745254706.9261336,
    "size": 130
  },
  "fallback-1745100148556.json": {
    "modified_time": 1745254706.9271338,
    "size": 691
  },
  "bcb676c5-1b8b-4690-b1ff-8c455d6b8a6b.json": {
    "modified_time": 1745254706.9261336,
    "size": 2628
  },
  "fallback-1745165579590.json": {
    "modified_time": 1745254706.9271338,
    "size": 325
  },
  "fallback-1745177897960.json": {
    "modified_time": 1745254706.9281337,
    "size": 568
  },
  "f6696eda-537c-4ef8-9033-5166faa1fd42.json": {
    "modified_time": 1745254706.9261336,
    "size": 1047
  },
  "9cf63597-25ee-4184-8400-477299942b89.json": {
    "modified_time": 1745254706.9261336,
    "size": 396
  },
  "fallback-1745100093598.json": {
    "modified_time": 1745254706.9261336,
    "size": 907
  },
  "fallback-1745100301107.json": {
    "modified_time": 1745254706.9271338,
    "size": 917
  },
  "fe27174c-0d95-4bf0-a3b8-abfd8ea3ad68.json": {
    "modified_time": 1745254706.9281337,
    "size": 4053
  },
  "fallback-1745100397744.json": {
    "modified_time": 1745254706.9271338,
    "size": 897
  },
  "5d6ca6e6-afc4-40ee-a23f-7850c970b2cf.json": {
    "modified_time": 1745254706.9261336,
    "size": 3297
  },
  "fallback-1745095021750.json": {
    "modified_time": 1745254706.9261336,
    "size": 130
  },
  "22a491bf-a37a-4cf7-bae7-9d139420b212.json": {
    "modified_time": 1745254706.9261336,
    "size": 937
  },
  "fallback-1745175401039.json": {
    "modified_time": 1745254706.9281337,
    "size": 1098
  },
  "fallback-1745165818112.json": {
    "modified_time": 1745254706.9271338,
    "size": 1965
  },
  "fallback-1745100120700.json": {
    "modified_time": 1745254706.9271338,
    "size": 1465
  },
  "fallback-1745166110688.json": {
    "modified_time": 1745254706.9271338,
    "size": 1692
  },
  "fallback-1745100345497.json": {
    "modified_time": 1745254706.9271338,
    "size": 2022
  },
  "fallback-1745165631287.json": {
    "modified_time": 1745254706.9271338,
    "size": 1680
  },
  "fallback-1745100208724.json": {
    "modified_time": 1745254706.9271338,
    "size": 897
  },
  "fallback-1745095020368.json": {
    "modified_time": 1745254706.9261336,
    "size": 130
  },
  "fallback-1745175527789.json": {
    "modified_time": 1745254706.9281337,
    "size": 1271
  },
  "18538afb-38ee-4c69-b9c8-9a73be1797c3.json": {
    "modified_time": 1745254706.9261336,
    "size": 4551
  },
  "0fcd58be-cf2c-4587-bb64-79338f6e78ad.json": {
    "modified_time": 1745254706.9261336,
    "size": 3092
  },
  "fallback-1745095020374.json": {
    "modified_time": 1745254706.9261336,
    "size": 130
  },
  "4261fa1e-b034-4e34-9ba8-7473a303c6ba.json": {
    "modified_time": 1745254706.9261336,
    "size": 537
  },
  "fallback-1745177897970.json": {
    "modified_time": 1745254706.9281337,
    "size": 675
  },
  "d35204ba-ac85-4f23-bb51-bb97d529095d.json": {
    "modified_time": 1745254706.9261336,
    "size": 2115
  },
  "fallback-1745175767319.json": {
    "modified_time": 1745254706.9281337,
    "size": 2255
  },
  "6931400c-159d-4dd0-98e9-5eb0dda398bb.json": {
    "modified_time": 1745254706.9261336,
    "size": 2748
  },
  "fallback-1745166259696.json": {
    "modified_time": 1745254706.9271338,
    "size": 2066
  },
  "fallback-1745165536686.json": {
    "modified_time": 1745254706.9271338,
    "size": 1591
  },
  "fallback-1745100255087.json": {
    "modified_time": 1745254706.9271338,
    "size": 2043
  },
  "c063d94c-5598-4310-a231-a6e95ea0f781.json": {
    "modified_time": 1745254706.9261336,
    "size": 3337
  },
  "fallback-1745166213293.json": {
    "modified_time": 1745254706.9271338,
    "size": 2055
  },
  "fallback-1745100039873.json": {
    "modified_time": 1745254706.9261336,
    "size": 1354
  },
  "1d906c0d-5a41-42d7-9637-39f654adf66b.json": {
    "modified_time": 1745254706.9261336,
    "size": 1688
  },
  "fallback-1745165596239.json": {
    "modified_time": 1745254706.9271338,
    "size": 1577
  },
  "fallback-1745165893071.json": {
    "modified_time": 1745254706.9271338,
    "size": 1793
  },
  "fallback-1745100148568.json": {
    "modified_time": 1745254706.9271338,
    "size": 2023
  },
  "589d0f63-60c7-49e5-9e6d-2785fae5d244.json": {
    "modified_time": 1745254706.9261336,
    "size": 676
  },
  "a2a3aac5-32e7-46f1-92d7-3578f990c669.json": {
    "modified_time": 1745254706.9261336,
    "size": 3541
  },
  "fallback-1745175574058.json": {
    "modified_time": 1745254706.9281337,
    "size": 1650
  },
  "2001b82b-aa96-45fd-80d5-b4d8b479227c.json": {
    "modified_time": 1745254706.9261336,
    "size": 4566
  },
  "fallback-1745165686942.json": {
    "modified_time": 1745254706.9271338,
    "size": 1548
  },
  "fallback-1745175717765.json": {
    "modified_time": 1745254706.9281337,
    "size": 2305
  },
  "0acc0d87-7ea0-4a7d-a49a-993019dbb29d.json": {
    "modified_time": 1745255738.1572168,
    "size": 3438
  },
  "96a4098e-6e50-4d26-9b43-34538b6162d8.json": {
    "modified_time": 1745254706.9261336,
    "size": 538
  },
  "60964a9a-b4ea-4c96-bf74-776bb53a4d99.json": {
    "modified_time": 1745254706.9261336,
    "size": 2628
  },
  "fallback-1745166314009.json": {
    "modified_time": 1745254706.9271338,
    "size": 1982
  },
  "fallback-1745175945634.json": {
    "modified_time": 1745254706.9281337,
    "size": 2140
  },
  "fallback-1745100451163.json": {
    "modified_time": 1745254706.9271338,
    "size": 2041
  },
  "3ce68741-a33f-4f74-bb18-efbb8f7a4d36.json": {
    "modified_time": 1745254706.9261336,
    "size": 4545
  }
}